AE 101,2,2,7,Tut,1 Eng I AE T37,
AE 101,4,5,20,Tut,1 Eng I AE T37,
AE 101,6,5,30,Tut,1 Eng I AE T37,
AE 101,2,2,7,Tut,1 Eng I AE T38,
AE 101,4,5,20,Tut,1 Eng I AE T38,
AE 101,6,5,30,Tut,1 Eng I AE T38,
AE 101,2,2,7,Tut,1 Eng I AE T39,
AE 101,4,5,20,Tut,1 Eng I AE T39,
AE 101,6,5,30,Tut,1 Eng I AE T39,
AE 101,2,2,7,Tut,1 Eng I AE T40,
AE 101,4,5,20,Tut,1 Eng I AE T40,
AE 101,6,5,30,Tut,1 Eng I AE T40,
AE 101,4,5,20,Tut,1 Eng II AE T41,
AE 101,6,5,30,Tut,1 Eng II AE T41,
AE 101,2,2,7,Tut,1 Eng II AE T41,
AE 101,2,2,7,Tut,1 Eng II AE T42,
AE 101,4,5,20,Tut,1 Eng II AE T42,
AE 101,6,5,30,Tut,1 Eng II AE T42,
AE 101,2,2,7,Tut,1 Eng II AE T43,
AE 101,4,5,20,Tut,1 Eng II AE T43,
AE 101,6,5,30,Tut,1 Eng II AE T43,
AE 101,2,2,7,Tut,1 Eng II AE T44,
AE 101,4,5,20,Tut,1 Eng II AE T44,
AE 101,6,5,30,Tut,1 Eng II AE T44,
AE 101,1,1,1,Tut,1 Eng III AE T45,
AE 101,3,1,11,Tut,1 Eng III AE T45,
AE 101,5,3,23,Tut,1 Eng III AE T45,
AE 101,1,1,1,Tut,1 Eng III AE T46,
AE 101,5,3,23,Tut,1 Eng III AE T46,
AE 101,3,1,11,Tut,1 Eng III AE T46,
AE 101,1,1,1,Tut,1 Eng III AE T48,
AE 101,3,1,11,Tut,1 Eng III AE T48,
AE 101,5,3,23,Tut,1 Eng III AE T48,
AE 101,1,1,1,Tut,1 Eng III AE T49,
AE 101,3,1,11,Tut,1 Eng III AE T49,
AE 101,5,3,23,Tut,1 Eng III AE T49,
AE 101,1,1,1,Tut,1 Eng IV AE  T50,
AE 101,3,1,11,Tut,1 Eng IV AE  T50,
AE 101,5,3,23,Tut,1 Eng IV AE  T50,
AE 101,1,1,1,Tut,1 Eng IV AE  T51,
AE 101,3,1,11,Tut,1 Eng IV AE  T51,
AE 101,5,3,23,Tut,1 Eng IV AE  T51,
AE 101,1,1,1,Tut,1 Eng IV AE  T52,
AE 101,3,1,11,Tut,1 Eng IV AE  T52,
AE 101,5,3,23,Tut,1 Eng IV AE  T52,
AE 101,1,1,1,Tut,1 Eng IV AE  T53,
AE 101,3,1,11,Tut,1 Eng IV AE  T53,
AE 101,5,3,23,Tut,1 Eng IV AE  T53,
AE 101,2,3,8,Tut,1 Eng V AE T54,
AE 101,5,5,25,Tut,1 Eng V AE T54,
AE 101,6,4,29,Tut,1 Eng V AE T54,
AE 101,2,3,8,Tut,1 Eng V AE T55,
AE 101,5,5,25,Tut,1 Eng V AE T55,
AE 101,6,4,29,Tut,1 Eng V AE T55,
AE 101,2,3,8,Tut,1 Eng V AE T56,
AE 101,5,5,25,Tut,1 Eng V AE T56,
AE 101,6,4,29,Tut,1 Eng V AE T56,
AE 101,2,3,8,Tut,1 Eng V AE T57,
AE 101,5,5,25,Tut,1 Eng V AE T57,
AE 101,6,4,29,Tut,1 Eng V AE T57,
AS 102,1,1,1,Tut,1 Eng III AS T64,
AS 102,5,3,23,Tut,1 Eng III AS T64,
AS 102,1,4,4,Tut,1 Eng IX AS T55,
AS 102,5,4,24,Tut,1 Eng IX AS T55,
AS 102,1,4,4,Tut,1 Eng IX AS T56,
AS 102,5,4,24,Tut,1 Eng IX AS T56,
AS 102,1,4,4,Tut,1 Eng IX AS T57,
AS 102,5,4,24,Tut,1 Eng IX AS T57,
AS 102,1,4,4,Tut,1 Eng IX AS T58,
AS 102,5,4,24,Tut,1 Eng IX AS T58,
AS 102,1,4,4,Tut,1 Eng IX AS T59,
AS 102,5,4,24,Tut,1 Eng IX AS T59,
AS 102,2,3,8,Tut,1 Eng V AS T65,
AS 102,6,4,29,Tut,1 Eng V AS T65,
AS 102,2,3,8,Tut,1 Eng VI AS T42,
AS 102,6,4,29,Tut,1 Eng VI AS T42,
AS 102,2,3,8,Tut,1 Eng VI AS T43,
AS 102,6,4,29,Tut,1 Eng VI AS T43,
AS 102,2,3,8,Tut,1 Eng VI AS T44,
AS 102,6,4,29,Tut,1 Eng VI AS T44,
AS 102,2,3,8,Tut,1 Eng VI AS T45,
AS 102,6,4,29,Tut,1 Eng VI AS T45,
AS 102,2,5,10,Tut,1 Eng VII AS T46,
AS 102,1,3,3,Tut,1 Eng VII AS T46,
AS 102,1,3,3,Tut,1 Eng VII AS T47,
AS 102,2,5,10,Tut,1 Eng VII AS T47,
AS 102,1,3,3,Tut,1 Eng VII AS T48,
AS 102,2,5,10,Tut,1 Eng VII AS T48,
AS 102,1,3,3,Tut,1 Eng VII AS T49,
AS 102,2,5,10,Tut,1 Eng VII AS T49,
AS 102,1,3,3,Tut,1 Eng VII AS T50,
AS 102,2,5,10,Tut,1 Eng VII AS T50,
AS 102,1,3,3,Tut,1 Eng VIII AS T51,
AS 102,2,5,10,Tut,1 Eng VIII AS T51,
AS 102,1,3,3,Tut,1 Eng VIII AS T52,
AS 102,2,5,10,Tut,1 Eng VIII AS T52,
AS 102,1,3,3,Tut,1 Eng VIII AS T53,
AS 102,2,5,10,Tut,1 Eng VIII AS T53,
AS 102,1,3,3,Tut,1 Eng VIII AS T54,
AS 102,2,5,10,Tut,1 Eng VIII AS T54,
AS 102,1,4,4,Tut,1 Eng X AS T60,
AS 102,5,4,24,Tut,1 Eng X AS T60,
AS 102,1,4,4,Tut,1 Eng X AS T61,
AS 102,5,4,24,Tut,1 Eng X AS T61,
AS 102,1,4,4,Tut,1 Eng X AS T62,
AS 102,5,4,24,Tut,1 Eng X AS T62,
AS 102,1,4,4,Tut,1 Eng X AS T63,
AS 102,5,4,24,Tut,1 Eng X AS T63,
CHEMt 102,6,1,26,Lecture,E L01,
CHEMt 102,6,1,26,Lecture,E L02,
CHEMt 102,4,1,16,Lecture,E L03,
CHEMt 102,4,1,16,Lecture,E L04,
CHEMt 102,2,4,9,Lecture,E L05,
CHEMt 102,2,4,9,Lecture,E L06,
CHEMt 102,2,1,6,Lecture,E L07,
CHEMt 102,2,1,6,Lecture,E L08,
CHEMt 102,6,2,27,Lecture,E L09,
CHEMt 102,6,2,27,Lecture,E L10,
CHEMt 102,4,3,18,Tut,1E T01,
CHEMt 102,4,2,17,Tut,1E T02,
CHEMt 102,4,3,18,Tut,1E T03,
CHEMt 102,3,3,13,Tut,1E T04,
CHEMt 102,3,2,12,Tut,1E T05,
CHEMt 102,4,2,17,Tut,1E T06,
CHEMt 102,4,1,16,Tut,1E T07,
CHEMt 102,4,1,16,Tut,1E T08,
CHEMt 102,4,3,18,Tut,1E T09,
CHEMt 102,4,3,18,Tut,1E T10,
CHEMt 102,5,4,24,Tut,1E T11,
CHEMt 102,5,4,24,Tut,1E T12,
CHEMt 102,1,3,3,Tut,1E T13,
CHEMt 102,3,2,12,Tut,1E T14,
CHEMt 102,5,4,24,Tut,1E T15,
CHEMt 102,3,4,14,Tut,1E T16,
CHEMt 102,3,2,12,Tut,1E T17,
CHEMt 102,4,5,20,Tut,1E T18,
CHEMt 102,2,5,10,Tut,1E T19,
CHEMt 102,2,5,10,Tut,1E T20,
CHEMt 102,2,1,6,Tut,1E T21,
CHEMt 102,1,4,4,Tut,1E T22,
CHEMt 102,5,2,22,Tut,1E T23,
CHEMt 102,2,2,7,Tut,1E T24,
CHEMt 102,2,2,7,Tut,1E T25,
CHEMt 102,5,2,22,Tut,1E T26,
CHEMt 102,6,2,27,Tut,1E T27,
CHEMt 102,6,4,29,Tut,1E T28,
CHEMt 102,1,1,1,Tut,1E T29,
CHEMt 102,6,4,29,Tut,1E T30,
CHEMt 102,5,3,23,Tut,1E T31,
CHEMt 102,5,1,21,Tut,1E T32,
CHEMt 102,5,1,21,Tut,1E T33,
CHEMt 102,1,2,2,Tut,1E T34,
CHEMt 102,1,2,2,Tut,1E T35,
CHEMt 102,6,1,26,Tut,1E T36,
CHEMt 102,5,1,21,Tut,1E T37,
CHEMt 102,2,3,8,Tut,1E T38,
CHEMt 102,6,5,30,Tut,1E T39,
CHEMt 102,1,5,5,Tut,1E T40,
CHEMt 102,5,1,21,Tut,1E T41,
CHEMt 102,2,3,8,Tut,1E T42,
CHEMt 102,2,3,8,Tut,1E T43,
CHEMt 102,6,3,28,Tut,1E T44,
CHEMt 102,6,3,28,Tut,1E T45,
CPS 402,3,1,11,Tut,3 IET&MET I CPS T50,
CPS 402,3,1,11,Tut,3 IET&MET I CPS T51,
CPS 402,3,1,11,Tut,3 IET&MET I CPS T52,
CPS 402,3,1,11,Tut,3 IET&MET I CPS T53,
CPS 402,3,1,11,Tut,3 IET&MET I CPS T54,
CPS 402,3,2,12,Tut,3 IET&MET II CPS T55,
CPS 402,3,2,12,Tut,3 IET&MET II CPS T56,
CPS 402,3,2,12,Tut,3 IET&MET II CPS T57,
CPS 402,3,2,12,Tut,3 IET&MET II CPS T58,
CPS 402,3,2,12,Tut,3 IET&MET II CPS T59,
CPS 402,6,1,26,Tut,5 MET CPS T07,
CSEN 102,4,2,17,Lab,1E P01,
CSEN 102,4,3,18,Lab,1E P02,
CSEN 102,4,2,17,Lab,1E P03,
CSEN 102,4,3,18,Lab,1E P04,
CSEN 102,4,3,18,Lab,1E P05,
CSEN 102,6,3,28,Lab,1E P06,
CSEN 102,6,3,28,Lab,1E P07,
CSEN 102,3,2,12,Lab,1E P08,
CSEN 102,3,2,12,Lab,1E P09,
CSEN 102,5,4,24,Lab,1E P10,
CSEN 102,3,4,14,Lab,1E P11,
CSEN 102,3,4,14,Lab,1E P12,
CSEN 102,4,5,20,Lab,1E P13,
CSEN 102,4,5,20,Lab,1E P14,
CSEN 102,3,4,14,Lab,1E P15,
CSEN 102,5,4,24,Lab,1E P16,
CSEN 102,5,4,24,Lab,1E P17,
CSEN 102,5,4,24,Lab,1E P18,
CSEN 102,5,2,22,Lab,1E P19,
CSEN 102,5,2,22,Lab,1E P20,
CSEN 102,5,2,22,Lab,1E P21,
CSEN 102,6,2,27,Lab,1E P22,
CSEN 102,2,2,7,Lab,1E P23,
CSEN 102,6,2,27,Lab,1E P24,
CSEN 102,6,2,27,Lab,1E P25,
CSEN 102,2,2,7,Lab,1E P26,
CSEN 102,2,5,10,Lab,1E P27,
CSEN 102,5,3,23,Lab,1E P28,
CSEN 102,5,3,23,Lab,1E P29,
CSEN 102,1,2,2,Lab,1E P30,
CSEN 102,1,2,2,Lab,1E P31,
CSEN 102,1,2,2,Lab,1E P32,
CSEN 102,6,4,29,Lab,1E P33,
CSEN 102,6,4,29,Lab,1E P34,
CSEN 102,5,1,21,Lab,1E P35,
CSEN 102,5,3,23,Lab,1E P36,
CSEN 102,2,3,8,Lab,1E P37,
CSEN 102,5,1,21,Lab,1E P38,
CSEN 102,5,1,21,Lab,1E P39,
CSEN 102,5,1,21,Lab,1E P40,
CSEN 102,2,4,9,Lab,1E P41,
CSEN 102,6,5,30,Lab,1E P42,
CSEN 102,6,5,30,Lab,1E P43,
CSEN 102,2,3,8,Lab,1E P44,
CSEN 102,2,3,8,Lab,1E P45,
CSEN 102,2,4,9,Lecture,E L01,
CSEN 102,2,4,9,Lecture,E L02,
CSEN 102,5,2,22,Lecture,E L03,
CSEN 102,5,2,22,Lecture,E L04,
CSEN 102,6,3,28,Lecture,E L05,
CSEN 102,6,3,28,Lecture,E L06,
CSEN 102,6,2,27,Lecture,E L07,
CSEN 102,6,2,27,Lecture,E L08,
CSEN 102,2,1,6,Lecture,E L09,
CSEN 102,2,1,6,Lecture,E L10,
CSEN 102,4,1,16,Tut,1E T01,
CSEN 102,3,1,11,Tut,1E T02,
CSEN 102,4,1,16,Tut,1E T03,
CSEN 102,3,2,12,Tut,1E T04,
CSEN 102,3,3,13,Tut,1E T05,
CSEN 102,3,3,13,Tut,1E T06,
CSEN 102,3,1,11,Tut,1E T07,
CSEN 102,3,1,11,Tut,1E T08,
CSEN 102,3,1,11,Tut,1E T09,
CSEN 102,4,4,19,Tut,1E T10,
CSEN 102,1,3,3,Tut,1E T11,
CSEN 102,1,3,3,Tut,1E T12,
CSEN 102,4,4,19,Tut,1E T13,
CSEN 102,4,4,19,Tut,1E T14,
CSEN 102,3,2,12,Tut,1E T15,
CSEN 102,4,5,20,Tut,1E T16,
CSEN 102,4,3,18,Tut,1E T17,
CSEN 102,4,3,18,Tut,1E T18,
CSEN 102,2,1,6,Tut,1E T19,
CSEN 102,1,4,4,Tut,1E T20,
CSEN 102,1,4,4,Tut,1E T21,
CSEN 102,2,1,6,Tut,1E T22,
CSEN 102,2,1,6,Tut,1E T23,
CSEN 102,5,2,22,Tut,1E T24,
CSEN 102,5,2,22,Tut,1E T25,
CSEN 102,2,1,6,Tut,1E T26,
CSEN 102,2,2,7,Tut,1E T27,
CSEN 102,5,1,21,Tut,1E T28,
CSEN 102,5,1,21,Tut,1E T29,
CSEN 102,1,1,1,Tut,1E T30,
CSEN 102,1,1,1,Tut,1E T31,
CSEN 102,1,1,1,Tut,1E T32,
CSEN 102,6,1,26,Tut,1E T33,
CSEN 102,6,1,26,Tut,1E T34,
CSEN 102,2,3,8,Tut,1E T35,
CSEN 102,2,3,8,Tut,1E T36,
CSEN 102,2,2,7,Tut,1E T37,
CSEN 102,1,5,5,Tut,1E T38,
CSEN 102,1,5,5,Tut,1E T39,
CSEN 102,2,4,9,Tut,1E T40,
CSEN 102,2,3,8,Tut,1E T41,
CSEN 102,6,3,28,Tut,1E T42,
CSEN 102,6,3,28,Tut,1E T43,
CSEN 102,2,2,7,Tut,1E T44,
CSEN 102,2,2,7,Tut,1E T45,
CSEN 1066,4,5,20,Lecture,EL L01,
CSEN 1066,6,3,28,Lecture,EL L01,
CSEN 1066,4,5,20,Lecture,EL L01,
CSEN 1066,6,3,28,Lecture,EL L01,
CSEN 1067,6,1,26,Lecture,EL L01,
CSEN 1067,6,1,26,Lecture,EL L01,
CSEN 1067,6,2,27,Lecture,EL L01,
CSEN 1067,6,2,27,Lecture,EL L01,
CSEN 301,6,4,29,Lab,3IET/MET P01,
CSEN 301,6,4,29,Lab,3IET/MET P02,
CSEN 301,6,4,29,Lab,3IET/MET P03,
CSEN 301,5,2,22,Lab,3IET/MET P04,
CSEN 301,3,3,13,Lab,3IET/MET P05,
CSEN 301,6,5,30,Lab,3IET/MET P06,
CSEN 301,6,5,30,Lab,3IET/MET P07,
CSEN 301,6,5,30,Lab,3IET/MET P08,
CSEN 301,3,3,13,Lab,3IET/MET P09,
CSEN 301,3,4,14,Lab,3IET/MET P10,
CSEN 301,6,3,28,Lab,3IET/MET P11,
CSEN 301,6,3,28,Lab,3IET/MET P12,
CSEN 301,2,3,8,Lab,3IET/MET P13,
CSEN 301,4,3,18,Lab,3IET/MET P14,
CSEN 301,3,4,14,Lab,3IET/MET P15,
CSEN 301,4,4,19,Lab,3IET/MET P16,
CSEN 301,5,2,22,Lab,3IET/MET P17,
CSEN 301,5,5,25,Lab,3IET/MET P18,
CSEN 301,5,2,22,Lab,3IET/MET P19,
CSEN 301,5,4,24,Lecture,E L01,
CSEN 301,5,3,23,Lecture,E L02,
CSEN 301,5,2,22,Tut,3IET/MET T01,
CSEN 301,5,2,22,Tut,3IET/MET T02,
CSEN 301,2,4,9,Tut,3IET/MET T03,
CSEN 301,2,5,10,Tut,3IET/MET T04,
CSEN 301,2,5,10,Tut,3IET/MET T05,
CSEN 301,6,4,29,Tut,3IET/MET T06,
CSEN 301,4,2,17,Tut,3IET/MET T07,
CSEN 301,3,3,13,Tut,3IET/MET T08,
CSEN 301,2,4,9,Tut,3IET/MET T09,
CSEN 301,2,5,10,Tut,3IET/MET T10,
CSEN 301,5,5,25,Tut,3IET/MET T11,
CSEN 301,5,4,24,Tut,3IET/MET T12,
CSEN 301,2,2,7,Tut,3IET/MET T13,
CSEN 301,3,4,14,Tut,3IET/MET T14,
CSEN 301,2,3,8,Tut,3IET/MET T15,
CSEN 301,4,3,18,Tut,3IET/MET T16,
CSEN 301,4,3,18,Tut,3IET/MET T17,
CSEN 301,4,3,18,Tut,3IET/MET T18,
CSEN 301,3,4,14,Tut,3IET/MET T19,
CSEN 501,6,4,29,Lab,5CSEN P10,
CSEN 501,2,4,9,Lab,5CSEN P11,
CSEN 501,3,4,14,Lab,5CSEN P12,
CSEN 501,3,2,12,Lab,5CSEN P13,
CSEN 501,2,4,9,Lab,5CSEN P14,
CSEN 501,2,2,7,Lab,5CSEN P15,
CSEN 501,6,3,28,Lab,5CSEN P16,
CSEN 501,2,1,6,Lab,5CSEN P17,
CSEN 501,3,3,13,Lab,5CSEN P18,
CSEN 501,2,2,7,Lab,5CSEN P19,
CSEN 501,3,1,11,Lab,5DMET P20,
CSEN 501,6,3,28,Lecture,CSEN L01,
CSEN 501,6,4,29,Lecture,CSEN L02,
CSEN 501,6,4,29,Lecture,DMET L01,
CSEN 501,2,3,8,Tut,5CSEN T10,
CSEN 501,6,2,27,Tut,5CSEN T11,
CSEN 501,2,4,9,Tut,5CSEN T12,
CSEN 501,6,2,27,Tut,5CSEN T13,
CSEN 501,6,4,29,Tut,5CSEN T14,
CSEN 501,3,4,14,Tut,5CSEN T15,
CSEN 501,3,3,13,Tut,5CSEN T16,
CSEN 501,3,4,14,Tut,5CSEN T17,
CSEN 501,2,2,7,Tut,5CSEN T18,
CSEN 501,6,3,28,Tut,5CSEN T19,
CSEN 501,2,4,9,Tut,5DMET T20,
CSEN 502,1,3,3,Lecture,CSEN L01,
CSEN 502,3,1,11,Lecture,CSEN L01,
CSEN 502,1,3,3,Lecture,CSEN L02,
CSEN 502,3,1,11,Lecture,CSEN L02,
CSEN 502,6,2,27,Tut,5CSEN T10,
CSEN 502,3,4,14,Tut,5CSEN T11,
CSEN 502,2,3,8,Tut,5CSEN T12,
CSEN 502,6,4,29,Tut,5CSEN T13,
CSEN 502,1,4,4,Tut,5CSEN T14,
CSEN 502,3,3,13,Tut,5CSEN T15,
CSEN 502,2,4,9,Tut,5CSEN T16,
CSEN 502,1,2,2,Tut,5CSEN T17,
CSEN 502,2,1,6,Tut,5CSEN T18,
CSEN 502,2,4,9,Tut,5CSEN T19,
CSEN 503,3,3,13,Lecture,CSEN L01,
CSEN 503,6,2,27,Lecture,CSEN L02,
CSEN 503,6,2,27,Lecture,DMET L01,
CSEN 503,3,4,14,Tut,5CSEN T10,
CSEN 503,2,5,10,Tut,5CSEN T11,
CSEN 503,1,1,1,Tut,5CSEN T12,
CSEN 503,2,3,8,Tut,5CSEN T13,
CSEN 503,3,2,12,Tut,5CSEN T14,
CSEN 503,1,2,2,Tut,5CSEN T15,
CSEN 503,1,4,4,Tut,5CSEN T16,
CSEN 503,6,3,28,Tut,5CSEN T17,
CSEN 503,2,4,9,Tut,5CSEN T18,
CSEN 503,3,3,13,Tut,5CSEN T19,
CSEN 503,2,2,7,Tut,5DMET T20,
CSEN 605,2,1,6,Lecture,CSEN L01,
CSEN 605,3,2,12,Lecture,CSEN L02,
CSEN 605,3,2,12,Lecture,DMET L01,
CSEN 605,1,1,1,Tut,5CSEN T10,
CSEN 605,2,3,8,Tut,5CSEN T11,
CSEN 605,3,2,12,Tut,5CSEN T12,
CSEN 605,2,5,10,Tut,5CSEN T13,
CSEN 605,6,2,27,Tut,5CSEN T14,
CSEN 605,2,1,6,Tut,5CSEN T15,
CSEN 605,3,4,14,Tut,5CSEN T16,
CSEN 605,2,4,9,Tut,5CSEN T17,
CSEN 605,6,3,28,Tut,5CSEN T18,
CSEN 605,1,2,2,Tut,5CSEN T19,
CSEN 605,1,4,4,Tut,5DMET T20,
CSEN 701,6,3,28,Lecture,CSEN L01,
CSEN 701,5,3,23,Lecture,CSEN L01,
CSEN 701,5,3,23,Lecture,DMET L01,
CSEN 701,5,4,24,Lecture,DMET L01,
CSEN 701,6,1,26,Tut,7CSEN T10,
CSEN 701,4,2,17,Tut,7CSEN T11,
CSEN 701,5,5,25,Tut,7CSEN T12,
CSEN 701,5,4,24,Tut,7CSEN T13,
CSEN 701,5,2,22,Tut,7CSEN T14,
CSEN 701,4,3,18,Tut,7CSEN T15,
CSEN 701,6,2,27,Tut,7DMET T17,
CSEN 701,6,3,28,Tut,7DMET T18,
CSEN 702,1,4,4,Lecture,CSEN L01,
CSEN 702,1,5,5,Lecture,CSEN L01,
CSEN 702,6,4,29,Tut,7CSEN T10,
CSEN 702,5,5,25,Tut,7CSEN T11,
CSEN 702,6,2,27,Tut,7CSEN T12,
CSEN 702,4,3,18,Tut,7CSEN T13,
CSEN 702,4,4,19,Tut,7CSEN T14,
CSEN 702,5,2,22,Tut,7CSEN T15,
CSEN 703,4,1,16,Lecture,CSEN L01,
CSEN 703,4,3,18,Tut,7CSEN T10,
CSEN 703,5,4,24,Tut,7CSEN T11,
CSEN 703,4,2,17,Tut,7CSEN T12,
CSEN 703,1,2,2,Tut,7CSEN T13,
CSEN 703,1,1,1,Tut,7CSEN T14,
CSEN 703,4,4,19,Tut,7CSEN T15,
CSEN 704,5,4,24,Lab,7CSEN P10,
CSEN 704,5,5,25,Lab,7CSEN P10,
CSEN 704,6,1,26,Lab,7CSEN P11,
CSEN 704,6,2,27,Lab,7CSEN P11,
CSEN 704,6,4,29,Lab,7CSEN P12,
CSEN 704,6,5,30,Lab,7CSEN P12,
CSEN 704,5,1,21,Lab,7CSEN P13,
CSEN 704,5,2,22,Lab,7CSEN P13,
CSEN 704,5,4,24,Lab,7CSEN P14,
CSEN 704,5,5,25,Lab,7CSEN P14,
CSEN 704,1,1,1,Lab,7CSEN P15,
CSEN 704,1,2,2,Lab,7CSEN P15,
CSEN 901,6,4,29,Lecture,CSEN L01,
CSEN 901,6,4,29,Lecture,EL L01,
CSEN 901,1,4,4,Tut,9CSEN T08,
CSEN 901,3,3,13,Tut,9CSEN T09,
CSEN 901,3,4,14,Tut,9CSEN T10,
CSEN 901,2,2,7,Tut,9CSEN T11,
CSEN 901,1,1,1,Tut,9CSEN T12,
CSEN 901,1,2,2,Tut,EL T01,
CSEN 903,2,1,6,Lab,9CSEN P08,
CSEN 903,2,2,7,Lab,9CSEN P08,
CSEN 903,1,1,1,Lab,9CSEN P09,
CSEN 903,1,2,2,Lab,9CSEN P09,
CSEN 903,1,4,4,Lab,9CSEN P10,
CSEN 903,1,5,5,Lab,9CSEN P10,
CSEN 903,3,3,13,Lab,9CSEN P11,
CSEN 903,3,4,14,Lab,9CSEN P11,
CSEN 903,2,4,9,Lab,9CSEN P12,
CSEN 903,2,5,10,Lab,9CSEN P12,
CSEN 906,4,3,18,Lecture,EL L01,
CSEN 906,4,3,18,Lecture,EL L01,
CSEN 906,4,4,19,Tut,EL T01,
CSEN 906,4,4,19,Tut,EL T01,
CSEN 906,3,2,12,Tut,EL T02,
CSEN 909,3,2,12,Lab,EL P01,
CSEN 909,3,1,11,Lab,EL P02,
CSEN 909,1,1,1,Lab,EL P03,
CSEN 909,6,5,30,Lecture,EL L01,
CSEN 909,6,5,30,Lecture,EL L01,
DE 101,2,1,6,Tut,1E I+II 1G T01,
DE 101,6,4,29,Tut,1E I+II 1G T01,
DE 101,6,4,29,Tut,1E I+II 1G T02,
DE 101,2,1,6,Tut,1E I+II 1G T02,
DE 101,2,1,6,Tut,1E I+II 1G T03,
DE 101,6,4,29,Tut,1E I+II 1G T03,
DE 101,6,4,29,Tut,1E I+II 1G T04,
DE 101,2,1,6,Tut,1E I+II 1G T04,
DE 101,2,1,6,Tut,1E I+II 1G T05,
DE 101,6,4,29,Tut,1E I+II 1G T05,
DE 101,6,4,29,Tut,1E I+II 1G T06,
DE 101,2,1,6,Tut,1E I+II 1G T06,
DE 101,2,1,6,Tut,1E I+II 1G T07,
DE 101,6,4,29,Tut,1E I+II 1G T07,
DE 101,6,4,29,Tut,1E I+II 1G T08,
DE 101,2,1,6,Tut,1E I+II 1G T08,
DE 101,1,2,2,Tut,1E III+IV 1G T09,
DE 101,5,5,25,Tut,1E III+IV 1G T09,
DE 101,5,5,25,Tut,1E III+IV 1G T10,
DE 101,1,2,2,Tut,1E III+IV 1G T10,
DE 101,1,2,2,Tut,1E III+IV 1G T11,
DE 101,5,5,25,Tut,1E III+IV 1G T11,
DE 101,5,5,25,Tut,1E III+IV 1G T12,
DE 101,1,2,2,Tut,1E III+IV 1G T12,
DE 101,1,2,2,Tut,1E III+IV 1G T13,
DE 101,5,5,25,Tut,1E III+IV 1G T13,
DE 101,1,2,2,Tut,1E III+IV 1G T14,
DE 101,5,5,25,Tut,1E III+IV 1G T14,
DE 101,5,5,25,Tut,1E III+IV 1G T15,
DE 101,1,2,2,Tut,1E III+IV 1G T15,
DE 101,1,2,2,Tut,1E III+IV 1G T16,
DE 101,5,5,25,Tut,1E III+IV 1G T16,
DE 101,1,3,3,Tut,1E IX+X 1G  T36,
DE 101,5,2,22,Tut,1E IX+X 1G  T36,
DE 101,5,2,22,Tut,1E IX+X 1G  T37,
DE 101,1,3,3,Tut,1E IX+X 1G  T37,
DE 101,1,3,3,Tut,1E IX+X 1G  T38,
DE 101,5,2,22,Tut,1E IX+X 1G  T38,
DE 101,5,2,22,Tut,1E IX+X 1G  T39,
DE 101,1,3,3,Tut,1E IX+X 1G  T39,
DE 101,1,3,3,Tut,1E IX+X 1G  T40,
DE 101,5,2,22,Tut,1E IX+X 1G  T40,
DE 101,1,3,3,Tut,1E IX+X 1G  T41,
DE 101,5,2,22,Tut,1E IX+X 1G  T41,
DE 101,5,2,22,Tut,1E IX+X 1G  T42,
DE 101,1,3,3,Tut,1E IX+X 1G  T42,
DE 101,1,3,3,Tut,1E IX+X 1G  T43,
DE 101,5,2,22,Tut,1E IX+X 1G  T43,
DE 101,5,3,23,Tut,1E V+VI 1G T18,
DE 101,1,5,5,Tut,1E V+VI 1G T18,
DE 101,1,5,5,Tut,1E V+VI 1G T19,
DE 101,5,3,23,Tut,1E V+VI 1G T19,
DE 101,5,3,23,Tut,1E V+VI 1G T20,
DE 101,1,5,5,Tut,1E V+VI 1G T20,
DE 101,1,5,5,Tut,1E V+VI 1G T21,
DE 101,5,3,23,Tut,1E V+VI 1G T21,
DE 101,5,3,23,Tut,1E V+VI 1G T22,
DE 101,1,5,5,Tut,1E V+VI 1G T22,
DE 101,1,5,5,Tut,1E V+VI 1G T23,
DE 101,5,3,23,Tut,1E V+VI 1G T23,
DE 101,5,3,23,Tut,1E V+VI 1G T24,
DE 101,1,5,5,Tut,1E V+VI 1G T24,
DE 101,1,5,5,Tut,1E V+VI 1G T25,
DE 101,5,3,23,Tut,1E V+VI 1G T25,
DE 101,2,4,9,Tut,1E VII+VIII 1G T27,
DE 101,6,3,28,Tut,1E VII+VIII 1G T27,
DE 101,6,3,28,Tut,1E VII+VIII 1G T28,
DE 101,2,4,9,Tut,1E VII+VIII 1G T28,
DE 101,2,4,9,Tut,1E VII+VIII 1G T29,
DE 101,6,3,28,Tut,1E VII+VIII 1G T29,
DE 101,6,3,28,Tut,1E VII+VIII 1G T30,
DE 101,2,4,9,Tut,1E VII+VIII 1G T30,
DE 101,2,4,9,Tut,1E VII+VIII 1G T31,
DE 101,6,3,28,Tut,1E VII+VIII 1G T31,
DE 101,2,4,9,Tut,1E VII+VIII 1G T32,
DE 101,6,3,28,Tut,1E VII+VIII 1G T32,
DE 101,6,3,28,Tut,1E VII+VIII 1G T33,
DE 101,2,4,9,Tut,1E VII+VIII 1G T33,
DE 101,2,4,9,Tut,1E VII+VIII 1G T34,
DE 101,6,3,28,Tut,1E VII+VIII 1G T34,
DE 202,5,1,21,Tut,3MIET I 2G T07,
DE 202,6,3,28,Tut,3MIET I 2G T07,
DE 202,6,3,28,Tut,3MIET I 2G T08,
DE 202,5,1,21,Tut,3MIET I 2G T08,
DE 303,5,1,21,Tut,3MIET I 3G T23,
DE 303,6,3,28,Tut,3MIET I 3G T23,
DE 303,6,3,28,Tut,3MIET I 3G T24,
DE 303,5,1,21,Tut,3MIET I 3G T24,
DE 303,5,1,21,Tut,3MIET I 3G T25,
DE 303,6,3,28,Tut,3MIET I 3G T25,
DE 303,6,3,28,Tut,3MIET I 3G T26,
DE 303,5,1,21,Tut,3MIET I 3G T26,
DE 303,6,3,28,Tut,3MIET I 3G T27,
DE 303,5,1,21,Tut,3MIET I 3G T27,
DE 303,3,3,13,Tut,3MIET II 3G T28,
DE 303,6,4,29,Tut,3MIET II 3G T28,
DE 303,6,4,29,Tut,3MIET II 3G T29,
DE 303,3,3,13,Tut,3MIET II 3G T29,
DE 303,3,3,13,Tut,3MIET II 3G T30,
DE 303,6,4,29,Tut,3MIET II 3G T30,
DE 303,6,4,29,Tut,3MIET II 3G T31,
DE 303,3,3,13,Tut,3MIET II 3G T31,
DE 303,3,3,13,Tut,3MIET II 3G T32,
DE 303,6,4,29,Tut,3MIET II 3G T32,
DE 303,6,4,29,Tut,3MIET II 3G T33,
DE 303,3,3,13,Tut,3MIET II 3G T33,
DE 404,3,3,13,Tut,3MIET II 4G T13,
DE 404,6,4,29,Tut,3MIET II 4G T13,
DMET 1042,3,3,13,Lecture,DMET L01,
DMET 1042,3,4,14,Lecture,DMET L01,
DMET 501,1,2,2,Lecture,CSEN L01,
DMET 501,1,1,1,Lecture,CSEN L02,
DMET 501,1,1,1,Lecture,DMET L01,
DMET 501,2,4,9,Tut,5CSEN T10,
DMET 501,3,2,12,Tut,5CSEN T11,
DMET 501,6,4,29,Tut,5CSEN T12,
DMET 501,1,1,1,Tut,5CSEN T13,
DMET 501,3,4,14,Tut,5CSEN T14,
DMET 501,6,3,28,Tut,5CSEN T15,
DMET 501,2,1,6,Tut,5CSEN T16,
DMET 501,2,2,7,Tut,5CSEN T17,
DMET 501,1,2,2,Tut,5CSEN T18,
DMET 501,3,4,14,Tut,5CSEN T19,
DMET 501,2,5,10,Tut,5DMET T20,
DMET 502,3,4,14,Lab,5DMET P20,
DMET 502,6,2,27,Lab,7CSEN P10,
DMET 502,4,4,19,Lab,7CSEN P11,
DMET 502,4,3,18,Lab,7CSEN P12,
DMET 502,4,4,19,Lab,7CSEN P13,
DMET 502,6,1,26,Lab,7CSEN P14,
DMET 502,6,4,29,Lab,7CSEN P15,
DMET 502,1,3,3,Lecture,CSEN L01,
DMET 502,6,3,28,Lecture,DMET L01,
DMET 502,3,3,13,Tut,5DMET T20,
DMET 502,4,2,17,Tut,7CSEN T10,
DMET 502,6,4,29,Tut,7CSEN T11,
DMET 502,5,2,22,Tut,7CSEN T12,
DMET 502,6,2,27,Tut,7CSEN T13,
DMET 502,4,3,18,Tut,7CSEN T14,
DMET 502,5,4,24,Tut,7CSEN T15,
DMET 702,6,1,26,Lab,7DMET P17,
DMET 702,5,1,21,Lab,7DMET P18,
DMET 702,1,5,5,Lecture,DMET L01,
DMET 702,5,2,22,Lecture,DMET L01,
DMET 702,5,5,25,Tut,7DMET T17,
DMET 702,4,5,20,Tut,7DMET T18,
DMET 703,1,4,4,Lecture,DMET L01,
DMET 703,1,3,3,Tut,7DMET T17,
DMET 703,4,4,19,Tut,7DMET T18,
DMET 704,4,3,18,Lecture,DMET L01,
DMET 704,6,3,28,Tut,7DMET T17,
DMET 704,6,4,29,Tut,7DMET T18,
DMET 706,4,1,16,Lab,7DMET P17,
DMET 706,4,2,17,Lab,7DMET P17,
DMET 706,1,2,2,Lab,7DMET P18,
DMET 706,1,3,3,Lab,7DMET P18,
DMET 901,4,2,17,Lecture,CSEN L01,
DMET 901,4,2,17,Lecture,DMET L01,
DMET 901,1,5,5,Tut,9CSEN T08,
DMET 901,3,4,14,Tut,9CSEN T09,
DMET 901,3,3,13,Tut,9CSEN T10,
DMET 901,2,1,6,Tut,9CSEN T11,
DMET 901,1,2,2,Tut,9CSEN T12,
DMET 901,2,2,7,Tut,9DMET T13,
DMET 901,2,4,9,Tut,9DMET T14,
DMET 902,2,1,6,Lecture,DMET L01,
DMET 902,2,4,9,Tut,9DMET T13,
DMET 902,2,5,10,Tut,9DMET T14,
DMET 904,3,1,11,Lab,9DMET P13,
DMET 904,3,2,12,Lab,9DMET P13,
DMET 904,4,3,18,Lab,9DMET P14,
DMET 904,4,4,19,Lab,9DMET P14,
EDPT 201,2,3,8,Lecture,E L01,
EDPT 201,1,4,4,Lecture,E L03,
EDPT 201,1,3,3,Lecture,E L05,
EDPT 201,2,2,7,Lecture,E L07,
EDPT 201,1,2,2,Lecture,E L09,
EDPT 201,3,1,11,Tut,1E T01,
EDPT 201,3,2,12,Tut,1E T02,
EDPT 201,3,3,13,Tut,1E T03,
EDPT 201,4,2,17,Tut,1E T04,
EDPT 201,6,3,28,Tut,1E T05,
EDPT 201,1,3,3,Tut,1E T10,
EDPT 201,4,4,19,Tut,1E T11,
EDPT 201,4,5,20,Tut,1E T12,
EDPT 201,5,4,24,Tut,1E T13,
EDPT 201,4,3,18,Tut,1E T14,
EDPT 201,1,4,4,Tut,1E T19,
EDPT 201,2,1,6,Tut,1E T20,
EDPT 201,2,5,10,Tut,1E T21,
EDPT 201,5,2,22,Tut,1E T22,
EDPT 201,6,2,27,Tut,1E T23,
EDPT 201,1,2,2,Tut,1E T28,
EDPT 201,6,4,29,Tut,1E T29,
EDPT 201,5,3,23,Tut,1E T30,
EDPT 201,5,1,21,Tut,1E T31,
EDPT 201,6,1,26,Tut,1E T32,
EDPT 201,1,5,5,Tut,1E T37,
EDPT 201,2,2,7,Tut,1E T38,
EDPT 201,2,4,9,Tut,1E T39,
EDPT 201,2,3,8,Tut,1E T40,
EDPT 201,6,5,30,Tut,1E T41,
ELCT 201,2,2,7,Lecture,E L01,
ELCT 201,2,1,6,Lecture,E L02,
ELCT 201,4,2,17,Tut,3IET/MET T01,
ELCT 201,4,2,17,Tut,3IET/MET T02,
ELCT 201,5,2,22,Tut,3IET/MET T03,
ELCT 201,2,4,9,Tut,3IET/MET T04,
ELCT 201,5,3,23,Tut,3IET/MET T05,
ELCT 201,5,2,22,Tut,3IET/MET T06,
ELCT 201,3,4,14,Tut,3IET/MET T07,
ELCT 201,3,4,14,Tut,3IET/MET T08,
ELCT 201,5,3,23,Tut,3IET/MET T09,
ELCT 201,4,1,16,Tut,3IET/MET T10,
ELCT 201,5,2,22,Tut,3IET/MET T11,
ELCT 201,5,5,25,Tut,3IET/MET T12,
ELCT 201,3,4,14,Tut,3IET/MET T13,
ELCT 201,2,3,8,Tut,3IET/MET T14,
ELCT 201,4,4,19,Tut,3IET/MET T15,
ELCT 201,3,4,14,Tut,3IET/MET T16,
ELCT 201,5,5,25,Tut,3IET/MET T17,
ELCT 201,4,4,19,Tut,3IET/MET T18,
ELCT 201,4,3,18,Tut,3IET/MET T19,
ELCT 301,6,5,30,Lab,3IET/MET P01,
ELCT 301,6,5,30,Lab,3IET/MET P02,
ELCT 301,4,1,16,Lab,3IET/MET P03,
ELCT 301,4,1,16,Lab,3IET/MET P04,
ELCT 301,2,4,9,Lab,3IET/MET P05,
ELCT 301,2,5,10,Lab,3IET/MET P06,
ELCT 301,6,4,29,Lab,3IET/MET P07,
ELCT 301,6,4,29,Lab,3IET/MET P08,
ELCT 301,4,2,17,Lab,3IET/MET P09,
ELCT 301,2,4,9,Lab,3IET/MET P10,
ELCT 301,3,4,14,Lab,3IET/MET P11,
ELCT 301,3,4,14,Lab,3IET/MET P12,
ELCT 301,5,5,25,Lab,3IET/MET P13,
ELCT 301,4,4,19,Lab,3IET/MET P14,
ELCT 301,5,2,22,Lab,3IET/MET P15,
ELCT 301,5,5,25,Lab,3IET/MET P16,
ELCT 301,4,4,19,Lab,3IET/MET P17,
ELCT 301,5,2,22,Lab,3IET/MET P18,
ELCT 301,5,4,24,Lab,3IET/MET P19,
ELCT 301,6,2,27,Lecture,E L01,
ELCT 301,6,1,26,Lecture,E L02,
ELCT 301,3,3,13,Tut,3IET/MET T01,
ELCT 301,4,1,16,Tut,3IET/MET T02,
ELCT 301,5,3,23,Tut,3IET/MET T03,
ELCT 301,6,4,29,Tut,3IET/MET T04,
ELCT 301,3,4,14,Tut,3IET/MET T05,
ELCT 301,3,3,13,Tut,3IET/MET T06,
ELCT 301,3,3,13,Tut,3IET/MET T07,
ELCT 301,2,4,9,Tut,3IET/MET T08,
ELCT 301,3,4,14,Tut,3IET/MET T09,
ELCT 301,4,2,17,Tut,3IET/MET T10,
ELCT 301,5,4,24,Tut,3IET/MET T11,
ELCT 301,5,2,22,Tut,3IET/MET T12,
ELCT 301,5,4,24,Tut,3IET/MET T13,
ELCT 301,6,2,27,Tut,3IET/MET T14,
ELCT 301,6,2,27,Tut,3IET/MET T15,
ELCT 301,5,2,22,Tut,3IET/MET T16,
ELCT 301,2,2,7,Tut,3IET/MET T17,
ELCT 301,6,2,27,Tut,3IET/MET T18,
ELCT 301,5,5,25,Tut,3IET/MET T19,
ENGD 301,2,3,8,Lecture,E L02,
ENGD 301,1,4,4,Lecture,E L04,
ENGD 301,1,3,3,Lecture,E L06,
ENGD 301,2,2,7,Lecture,E L08,
ENGD 301,1,2,2,Lecture,E L10,
ENGD 301,4,1,16,Tut,1E T06,
ENGD 301,4,2,17,Tut,1E T07,
ENGD 301,6,3,28,Tut,1E T08,
ENGD 301,6,3,28,Tut,1E T09,
ENGD 301,4,5,20,Tut,1E T15,
ENGD 301,3,2,12,Tut,1E T16,
ENGD 301,3,4,14,Tut,1E T17,
ENGD 301,1,3,3,Tut,1E T18,
ENGD 301,2,5,10,Tut,1E T24,
ENGD 301,2,5,10,Tut,1E T25,
ENGD 301,6,2,27,Tut,1E T26,
ENGD 301,1,4,4,Tut,1E T27,
ENGD 301,1,2,2,Tut,1E T33,
ENGD 301,2,3,8,Tut,1E T34,
ENGD 301,6,1,26,Tut,1E T35,
ENGD 301,1,1,1,Tut,1E T36,
ENGD 301,2,2,7,Tut,1E T42,
ENGD 301,2,4,9,Tut,1E T43,
ENGD 301,6,5,30,Tut,1E T44,
ENGD 301,1,5,5,Tut,1E T45,
MATH 103,3,4,14,Lecture,E L01,
MATH 103,6,2,27,Lecture,E L01,
MATH 103,6,2,27,Lecture,E L02,
MATH 103,3,4,14,Lecture,E L02,
MATH 103,5,1,21,Lecture,E L03,
MATH 103,3,3,13,Lecture,E L03,
MATH 103,3,3,13,Lecture,E L04,
MATH 103,5,1,21,Lecture,E L04,
MATH 103,1,2,2,Lecture,E L05,
MATH 103,6,1,26,Lecture,E L05,
MATH 103,1,2,2,Lecture,E L06,
MATH 103,6,1,26,Lecture,E L06,
MATH 103,5,2,22,Lecture,E L07,
MATH 103,1,4,4,Lecture,E L07,
MATH 103,5,2,22,Lecture,E L08,
MATH 103,1,4,4,Lecture,E L08,
MATH 103,6,4,29,Lecture,E L09,
MATH 103,1,1,1,Lecture,E L09,
MATH 103,1,1,1,Lecture,E L10,
MATH 103,6,4,29,Lecture,E L10,
MATH 103,6,3,28,Tut,1E T01,
MATH 103,3,3,13,Tut,1E T01,
MATH 103,3,3,13,Tut,1E T02,
MATH 103,6,3,28,Tut,1E T02,
MATH 103,6,3,28,Tut,1E T03,
MATH 103,3,1,11,Tut,1E T03,
MATH 103,3,1,11,Tut,1E T04,
MATH 103,4,1,16,Tut,1E T04,
MATH 103,4,1,16,Tut,1E T05,
MATH 103,3,1,11,Tut,1E T05,
MATH 103,3,2,12,Tut,1E T06,
MATH 103,4,3,18,Tut,1E T06,
MATH 103,4,3,18,Tut,1E T07,
MATH 103,3,2,12,Tut,1E T07,
MATH 103,3,3,13,Tut,1E T08,
MATH 103,4,2,17,Tut,1E T08,
MATH 103,4,2,17,Tut,1E T09,
MATH 103,3,3,13,Tut,1E T09,
MATH 103,3,2,12,Tut,1E T10,
MATH 103,4,5,20,Tut,1E T10,
MATH 103,4,5,20,Tut,1E T11,
MATH 103,3,2,12,Tut,1E T11,
MATH 103,3,2,12,Tut,1E T12,
MATH 103,4,3,18,Tut,1E T12,
MATH 103,4,3,18,Tut,1E T13,
MATH 103,3,4,14,Tut,1E T13,
MATH 103,3,4,14,Tut,1E T14,
MATH 103,5,4,24,Tut,1E T14,
MATH 103,1,3,3,Tut,1E T15,
MATH 103,4,4,19,Tut,1E T15,
MATH 103,4,4,19,Tut,1E T16,
MATH 103,1,3,3,Tut,1E T16,
MATH 103,1,3,3,Tut,1E T17,
MATH 103,4,4,19,Tut,1E T17,
MATH 103,4,4,19,Tut,1E T18,
MATH 103,3,4,14,Tut,1E T18,
MATH 103,2,2,7,Tut,1E T19,
MATH 103,6,2,27,Tut,1E T19,
MATH 103,6,2,27,Tut,1E T20,
MATH 103,2,2,7,Tut,1E T20,
MATH 103,2,2,7,Tut,1E T21,
MATH 103,6,2,27,Tut,1E T21,
MATH 103,5,4,24,Tut,1E T22,
MATH 103,2,5,10,Tut,1E T22,
MATH 103,2,5,10,Tut,1E T23,
MATH 103,5,4,24,Tut,1E T23,
MATH 103,1,4,4,Tut,1E T24,
MATH 103,5,4,24,Tut,1E T24,
MATH 103,5,4,24,Tut,1E T25,
MATH 103,1,4,4,Tut,1E T25,
MATH 103,1,4,4,Tut,1E T26,
MATH 103,5,4,24,Tut,1E T26,
MATH 103,5,2,22,Tut,1E T27,
MATH 103,2,1,6,Tut,1E T27,
MATH 103,6,1,26,Tut,1E T28,
MATH 103,2,3,8,Tut,1E T28,
MATH 103,2,3,8,Tut,1E T29,
MATH 103,6,1,26,Tut,1E T29,
MATH 103,6,1,26,Tut,1E T30,
MATH 103,2,3,8,Tut,1E T30,
MATH 103,6,4,29,Tut,1E T31,
MATH 103,2,3,8,Tut,1E T31,
MATH 103,2,3,8,Tut,1E T32,
MATH 103,6,4,29,Tut,1E T32,
MATH 103,1,1,1,Tut,1E T33,
MATH 103,5,3,23,Tut,1E T33,
MATH 103,5,3,23,Tut,1E T34,
MATH 103,1,1,1,Tut,1E T34,
MATH 103,1,1,1,Tut,1E T35,
MATH 103,5,3,23,Tut,1E T35,
MATH 103,5,1,21,Tut,1E T36,
MATH 103,1,2,2,Tut,1E T36,
MATH 103,2,4,9,Tut,1E T37,
MATH 103,6,5,30,Tut,1E T37,
MATH 103,6,5,30,Tut,1E T38,
MATH 103,2,4,9,Tut,1E T38,
MATH 103,2,2,7,Tut,1E T39,
MATH 103,6,3,28,Tut,1E T39,
MATH 103,6,3,28,Tut,1E T40,
MATH 103,2,2,7,Tut,1E T40,
MATH 103,2,2,7,Tut,1E T41,
MATH 103,6,3,28,Tut,1E T41,
MATH 103,1,5,5,Tut,1E T42,
MATH 103,5,1,21,Tut,1E T42,
MATH 103,5,1,21,Tut,1E T43,
MATH 103,1,5,5,Tut,1E T43,
MATH 103,1,5,5,Tut,1E T44,
MATH 103,5,1,21,Tut,1E T44,
MATH 103,5,1,21,Tut,1E T45,
MATH 103,2,4,9,Tut,1E T45,
MATH 301,3,2,12,Lecture,E L01,
MATH 301,4,3,18,Lecture,E L01,
MATH 301,3,1,11,Lecture,E L02,
MATH 301,4,1,16,Lecture,E L02,
MATH 301,5,3,23,Tut,3IET/MET T01,
MATH 301,3,4,14,Tut,3IET/MET T01,
MATH 301,3,4,14,Tut,3IET/MET T02,
MATH 301,5,3,23,Tut,3IET/MET T02,
MATH 301,6,5,30,Tut,3IET/MET T03,
MATH 301,4,2,17,Tut,3IET/MET T03,
MATH 301,4,2,17,Tut,3IET/MET T04,
MATH 301,6,5,30,Tut,3IET/MET T04,
MATH 301,6,4,29,Tut,3IET/MET T05,
MATH 301,5,2,22,Tut,3IET/MET T05,
MATH 301,3,4,14,Tut,3IET/MET T06,
MATH 301,5,3,23,Tut,3IET/MET T06,
MATH 301,4,1,16,Tut,3IET/MET T07,
MATH 301,2,4,9,Tut,3IET/MET T07,
MATH 301,4,1,16,Tut,3IET/MET T08,
MATH 301,2,5,10,Tut,3IET/MET T08,
MATH 301,2,5,10,Tut,3IET/MET T09,
MATH 301,4,1,16,Tut,3IET/MET T09,
MATH 301,3,3,13,Tut,3IET/MET T10,
MATH 301,5,2,22,Tut,3IET/MET T10,
MATH 301,4,4,19,Tut,3IET/MET T11,
MATH 301,6,2,27,Tut,3IET/MET T11,
MATH 301,6,2,27,Tut,3IET/MET T12,
MATH 301,2,2,7,Tut,3IET/MET T12,
MATH 301,5,2,22,Tut,3IET/MET T13,
MATH 301,6,3,28,Tut,3IET/MET T13,
MATH 301,5,2,22,Tut,3IET/MET T14,
MATH 301,6,3,28,Tut,3IET/MET T14,
MATH 301,6,3,28,Tut,3IET/MET T15,
MATH 301,4,3,18,Tut,3IET/MET T15,
MATH 301,5,4,24,Tut,3IET/MET T16,
MATH 301,2,3,8,Tut,3IET/MET T16,
MATH 301,2,3,8,Tut,3IET/MET T17,
MATH 301,5,4,24,Tut,3IET/MET T17,
MATH 301,3,4,14,Tut,3IET/MET T18,
MATH 301,5,4,24,Tut,3IET/MET T18,
MATH 301,4,4,19,Tut,3IET/MET T19,
MATH 301,6,2,27,Tut,3IET/MET T19,
MATH 501,2,2,7,Lecture,CSEN L01,
MATH 501,2,3,8,Lecture,CSEN L02,
MATH 501,2,3,8,Lecture,DMET L01,
MATH 501,3,2,12,Tut,5CSEN T10,
MATH 501,1,1,1,Tut,5CSEN T11,
MATH 501,2,5,10,Tut,5CSEN T12,
MATH 501,3,4,14,Tut,5CSEN T13,
MATH 501,1,1,1,Tut,5CSEN T14,
MATH 501,2,4,9,Tut,5CSEN T15,
MATH 501,2,2,7,Tut,5CSEN T16,
MATH 501,1,4,4,Tut,5CSEN T17,
MATH 501,1,4,4,Tut,5CSEN T18,
MATH 501,2,1,6,Tut,5CSEN T19,
MATH 501,1,2,2,Tut,5DMET T20,
MCTR 902,4,4,19,Lecture,EL L01,
MCTR 902,4,4,19,Lecture,EL L01,
MCTR 902,1,3,3,Tut,EL T01,
MCTR 902,1,3,3,Tut,EL T01,
NETW 1009,2,3,8,Lecture,EL L01,
NETW 1009,2,3,8,Lecture,EL L01,
NETW 1009,4,1,16,Tut,DMET EL T05,
NETW 1009,2,5,10,Tut,EL T04,
NETW 1009,4,1,16,Tut,EL T05,
PHYS 101,2,3,8,Lecture,E L01,
PHYS 101,4,4,19,Lecture,E L01,
PHYS 101,2,3,8,Lecture,E L02,
PHYS 101,4,4,19,Lecture,E L02,
PHYS 101,1,4,4,Lecture,E L03,
PHYS 101,4,2,17,Lecture,E L03,
PHYS 101,1,4,4,Lecture,E L04,
PHYS 101,4,2,17,Lecture,E L04,
PHYS 101,1,3,3,Lecture,E L05,
PHYS 101,5,1,21,Lecture,E L05,
PHYS 101,1,3,3,Lecture,E L06,
PHYS 101,5,1,21,Lecture,E L06,
PHYS 101,5,4,24,Lecture,E L07,
PHYS 101,2,2,7,Lecture,E L07,
PHYS 101,5,4,24,Lecture,E L08,
PHYS 101,2,2,7,Lecture,E L08,
PHYS 101,5,3,23,Lecture,E L09,
PHYS 101,1,2,2,Lecture,E L09,
PHYS 101,1,2,2,Lecture,E L10,
PHYS 101,5,3,23,Lecture,E L10,
PHYS 101,3,2,12,Tut,1E T01,
PHYS 101,4,1,16,Tut,1E T02,
PHYS 101,3,2,12,Tut,1E T03,
PHYS 101,6,3,28,Tut,1E T04,
PHYS 101,4,2,17,Tut,1E T05,
PHYS 101,3,1,11,Tut,1E T06,
PHYS 101,3,3,13,Tut,1E T07,
PHYS 101,4,3,18,Tut,1E T08,
PHYS 101,4,1,16,Tut,1E T09,
PHYS 101,3,4,14,Tut,1E T10,
PHYS 101,4,3,18,Tut,1E T11,
PHYS 101,4,4,19,Tut,1E T12,
PHYS 101,3,2,12,Tut,1E T13,
PHYS 101,1,3,3,Tut,1E T14,
PHYS 101,4,3,18,Tut,1E T15,
PHYS 101,4,3,18,Tut,1E T16,
PHYS 101,4,5,20,Tut,1E T17,
PHYS 101,3,2,12,Tut,1E T18,
PHYS 101,5,4,24,Tut,1E T19,
PHYS 101,5,4,24,Tut,1E T20,
PHYS 101,5,4,24,Tut,1E T21,
PHYS 101,2,2,7,Tut,1E T22,
PHYS 101,1,4,4,Tut,1E T23,
PHYS 101,2,1,6,Tut,1E T24,
PHYS 101,2,1,6,Tut,1E T25,
PHYS 101,2,5,10,Tut,1E T26,
PHYS 101,5,4,24,Tut,1E T27,
PHYS 101,1,1,1,Tut,1E T28,
PHYS 101,1,2,2,Tut,1E T29,
PHYS 101,5,1,21,Tut,1E T30,
PHYS 101,6,1,26,Tut,1E T31,
PHYS 101,5,3,23,Tut,1E T32,
PHYS 101,2,3,8,Tut,1E T33,
PHYS 101,5,1,21,Tut,1E T34,
PHYS 101,6,4,29,Tut,1E T35,
PHYS 101,6,4,29,Tut,1E T36,
PHYS 101,6,3,28,Tut,1E T37,
PHYS 101,6,3,28,Tut,1E T38,
PHYS 101,2,3,8,Tut,1E T39,
PHYS 101,6,5,30,Tut,1E T40,
PHYS 101,1,5,5,Tut,1E T41,
PHYS 101,2,4,9,Tut,1E T42,
PHYS 101,2,2,7,Tut,1E T43,
PHYS 101,2,4,9,Tut,1E T44,
PHYS 101,6,5,30,Tut,1E T45,
PHYSp 301,2,4,9,Lab,3IET/MET P01,
PHYSp 301,2,5,10,Lab,3IET/MET P01,
PHYSp 301,2,5,10,Lab,3IET/MET P02,
PHYSp 301,2,4,9,Lab,3IET/MET P02,
PHYSp 301,3,3,13,Lab,3IET/MET P03,
PHYSp 301,3,4,14,Lab,3IET/MET P03,
PHYSp 301,3,4,14,Lab,3IET/MET P04,
PHYSp 301,3,3,13,Lab,3IET/MET P04,
PHYSp 301,4,1,16,Lab,3IET/MET P05,
PHYSp 301,4,2,17,Lab,3IET/MET P05,
PHYSp 301,4,2,17,Lab,3IET/MET P06,
PHYSp 301,4,1,16,Lab,3IET/MET P06,
PHYSp 301,5,2,22,Lab,3IET/MET P07,
PHYSp 301,5,3,23,Lab,3IET/MET P07,
PHYSp 301,5,3,23,Lab,3IET/MET P08,
PHYSp 301,5,2,22,Lab,3IET/MET P08,
PHYSp 301,6,5,30,Lab,3IET/MET P09,
PHYSp 301,6,4,29,Lab,3IET/MET P09,
PHYSp 301,6,4,29,Lab,3IET/MET P10,
PHYSp 301,6,5,30,Lab,3IET/MET P10,
PHYSp 301,2,2,7,Lab,3IET/MET P11,
PHYSp 301,2,3,8,Lab,3IET/MET P11,
PHYSp 301,4,3,18,Lab,3IET/MET P12,
PHYSp 301,4,4,19,Lab,3IET/MET P12,
PHYSp 301,4,4,19,Lab,3IET/MET P13,
PHYSp 301,4,3,18,Lab,3IET/MET P13,
PHYSp 301,5,4,24,Lab,3IET/MET P14,
PHYSp 301,5,5,25,Lab,3IET/MET P14,
PHYSp 301,5,4,24,Lab,3IET/MET P15,
PHYSp 301,5,5,25,Lab,3IET/MET P15,
PHYSp 301,6,2,27,Lab,3IET/MET P16,
PHYSp 301,6,3,28,Lab,3IET/MET P16,
PHYSp 301,6,3,28,Lab,3IET/MET P17,
PHYSp 301,6,2,27,Lab,3IET/MET P17,
PHYSp 301,2,2,7,Lab,3IET/MET P18,
PHYSp 301,2,3,8,Lab,3IET/MET P18,
PHYSp 301,2,2,7,Lab,3IET/MET P19,
PHYSp 301,2,3,8,Lab,3IET/MET P19,
PHYSt 301,2,3,8,Lecture,E L01,
PHYSt 301,4,4,19,Lecture,E L01,
PHYSt 301,2,4,9,Lecture,E L02,
PHYSt 301,4,2,17,Lecture,E L02,
PHYSt 301,4,1,16,Tut,3IET/MET T01,
PHYSt 301,3,3,13,Tut,3IET/MET T02,
PHYSt 301,2,5,10,Tut,3IET/MET T03,
PHYSt 301,5,3,23,Tut,3IET/MET T04,
PHYSt 301,6,5,30,Tut,3IET/MET T05,
PHYSt 301,2,4,9,Tut,3IET/MET T06,
PHYSt 301,2,5,10,Tut,3IET/MET T07,
PHYSt 301,4,2,17,Tut,3IET/MET T08,
PHYSt 301,5,2,22,Tut,3IET/MET T09,
PHYSt 301,5,3,23,Tut,3IET/MET T10,
PHYSt 301,4,3,18,Tut,3IET/MET T11,
PHYSt 301,2,3,8,Tut,3IET/MET T12,
PHYSt 301,6,2,27,Tut,3IET/MET T13,
PHYSt 301,2,2,7,Tut,3IET/MET T14,
PHYSt 301,2,2,7,Tut,3IET/MET T15,
PHYSt 301,2,2,7,Tut,3IET/MET T16,
PHYSt 301,3,4,14,Tut,3IET/MET T17,
PHYSt 301,6,3,28,Tut,3IET/MET T18,
PHYSt 301,6,3,28,Tut,3IET/MET T19,
RPW 401,6,1,26,Tut,5 MET RPW T25,
RPW 401,6,1,26,Tut,5 MET RPW T26,
RPW 401,6,1,26,Tut,5 MET RPW T27,
RPW 401,6,1,26,Tut,5 MET RPW T28,
SM 101,3,1,11,Tut,3 IET&MET I SM T24,
SM 101,3,1,11,Tut,3 IET&MET I SM T25,
SM 101,3,1,11,Tut,3 IET&MET I SM T26,
SM 101,3,1,11,Tut,3 IET&MET I SM T27,
SM 101,3,2,12,Tut,3 IET&MET II SM T28,
SM 101,3,2,12,Tut,3 IET&MET II SM T29,
SM 101,3,2,12,Tut,3 IET&MET II SM T37,
,,,-5,,,